﻿{"cameraMode":{"drawMode":0,"name":"Shaded","section":"Shading Mode"},"sceneLighting":true,"audioPlay":false,"sceneViewState":{"showFog":true,"showMaterialUpdate":false,"showSkybox":true,"showFlares":true,"showImageEffects":true,"showParticleSystems":true},"in2DMode":false,"pivot":{"x":574.0311279296875,"y":290.0999450683594,"z":7.89056396484375},"rotation":{"x":-0.12853658199310304,"y":0.07934334874153137,"z":-0.010317507199943066,"w":-0.9884718656539917},"size":689.220703125,"orthographic":false}